PID,elements_processed,bytes_sent,max,average,keys_found,start_time_s,start_time_ns,end_time_s,end_time_ns
23467,5000,64,32749,16206.969727,77,2873,299687135,2873,399874257
23468,5000,64,32767,16036.809570,73,2873,299772394,2873,399913312
