PID,elements_processed,bytes_sent,max,average,keys_found,start_time_s,start_time_ns,end_time_s,end_time_ns
6153,2730,64,32740,16268.037109,48,733,879629934,733,979805437
6154,2730,64,32749,16080.472656,52,733,879728418,733,980041367
6155,2730,64,32767,16119.996094,50,733,880070267,733,980227785
