PID,elements_processed,bytes_sent,max,average,keys_found,start_time_s,start_time_ns,end_time_s,end_time_ns
23974,13333,64,32766,16399.234375,18,2769,190040777,2769,290280099
23975,13333,64,32765,16229.506836,11,2769,190378056,2769,290715601
23976,13333,64,32763,16349.574219,22,2769,190585063,2769,294812474
23977,13333,64,32767,16418.269531,15,2769,190944641,2769,291121559
23978,13333,64,32767,16495.699219,18,2769,191031596,2769,294213275
23979,13333,64,32763,16260.122070,23,2769,191144137,2769,294336485
23970,40000,64,32767,16350.606445,43,2768,189874888,2768,290281790
23968,39999,280,32767,16391.363281,56,2768,190218012,2782,261589372
23969,39999,280,32766,16326.105469,51,2768,189694074,2782,280886931
