PID,elements_processed,bytes_sent,max,average,keys_found,start_time_s,start_time_ns,end_time_s,end_time_ns
31323,2500,64,32749,16176.268555,36,3816,313204874,3816,413518784
31322,2500,64,32740,16237.684570,41,3816,313129273,3816,417929800
31320,5000,64,32767,16036.809570,73,3816,313053501,3816,418246571
31319,5000,208,32749,16206.976562,77,3816,312704310,3816,419428437
